id,name,slug
1025,Amouage Honour woman,amouage-honour-woman
1026,Amouage Sunshine woman,amouage-sunshine-woman
1027,Amouage Reflection woman,amouage-reflection-woman
1028,Amouage Reflection man,amouage-reflection-man
1029,Amouage Interlude man,amouage-interlude-man
1030,Amouage Guidance,amouage-guidance
1031,Amouage Blossom Love,amouage-blossom-love
1034,Amouage Journey woman,amouage-journey-woman
1035,Amouage Lilac Love,amouage-lilac-love
1040,Amouage Interlude woman,amouage-interlude-woman
1042,Amouage Love Tuberose,amouage-love-tuberose
1043,Amouage Honour man,amouage-honour-man
1045,Amouage Imitation woman,amouage-imitation-woman
1046,Amouage Love Mimosa,amouage-love-mimosa
1048,Amouage Lyric man,amouage-lyric-man
1050,Amouage Sunshine Man,amouage-sunshine-man
1051,Amouage Guidance 46,dukhi-amouage-guidance-46
1054,Amouage Myths Woman,amouage-myths-woman
1056,Amouage Lyric woman,amouage-lyric-woman
1060,Amouage Myths Men,amouage-myths-men
1064,Amouage Interlude Black Iris Man,amouage-interlude-black-iris-man
1066,Amouage Journey Man,amouage-journey-man
1067,Amouage Love Delight,zhenskie-dukhi-amouage-love-delight
1068,Amouage Honour 43 Woman,amouage-honour-43-woman
1069,Amouage Jubilation 25 woman,amouage-jubilation-25-woman
1071,Amouage Beach Hut Men,amouage-beach-hut-men
1072,Amouage Material,amouage-material
1074,Amouage Beach Hut,amouage-beach-hut
1077,Amouage Portrayal Woman,amouage-portrayal-woman
1080,Amouage Purpose,amouage-purpose
1082,Amouage Overture Man,amouage-overture-man
1085,Amouage Outlands,amouage-outlands
1088,Amouage Ashore,amouage-ashore
1090,Amouage Overture Women,amouage-overture-women
1091,Amouage The Library Collection Opus V Woods Symphony,amouage-the-library-collection-opus-v-woods-symphony
1092,Amouage Lineage,amouage-lineage
1093,Amouage Search,amouage-search
1094,Amouage Opus VII Reckless Leather,amouage-opus-vii-reckless-leather
1095,Amouage Imitation man,amouage-imitation-man
1098,Amouage The Library Collection Opus XIV Royal Tobacco,amouage-the-library-collection-opus-xiv-royal-tobacco
1099,Amouage Interlude 53,amouage-interlude-53
1105,Amouage Portrayal Man,amouage-portrayal-man
1107,Amouage Lustre,amouage-lustre
1108,Amouage Reasons,amouage-reasons
1112,Amouage Reflection 45,amouage-reflection-45
1114,Amouage Purpose 50,amouage-purpose-50
2593,Bvlgari Aqva Pour Homme Marine,bvlgari-aqva-pour-homme-marine
2594,Bvlgari Omnia Crystalline,bvlgari-omnia-crystalline
2595,Bvlgari Aqva Pour Homme,bvlgari-aqva-pour-homme
2596,Bvlgari Omnia Coral,bvlgari-omnia-coral
2597,Bvlgari Man In Black,bvlgari-man-in-black
2599,Bvlgari Omnia Amethyste,bvlgari-omnia-amethyste
2600,Bvlgari Aqva Pour Homme Atlantiqve,bvlgari-aqva-pour-homme-atlantiqve
2601,Bvlgari Omnia Paraiba,bvlgari-omnia-paraiba
2602,Bvlgari Aqva Amara,bvlgari-aqva-amara
2603,Bvlgari Rose Goldea,bvlgari-rose-goldea
2604,Bvlgari Omnia Indian Garnet,bvlgari-omnia-indian-garnet
2607,Bvlgari Mon Jasmin Noir L`Eau Exquise,bvlgari-mon-jasmin-noir-leau-exquise
2611,Bvlgari Man Wood Essence,bvlgari-man-wood-essence
2613,Bvlgari Petits et Mamans,bvlgari-petits-et-mamans
2615,Bvlgari Splendida Rose Rose,bvlgari-splendida-rose-rose
2618,Bvlgari Goldea The Roman Night,bvlgari-goldea-the-roman-night
2619,Bvlgari Omnia Pink Sapphire,bvlgari-omnia-pink-sapphire
2622,Bvlgari Goldea The Roman Night Absolute,bvlgari-goldea-the-roman-night-absolute
2625,Bvlgari Mon Jasmin Noir,bvlgari-mon-jasmin-noir
2627,Bvlgari Splendida Magnolia Sensuel,bvlgari-splendida-magnolia-sensuel
2628,Bvlgari Splendida Jasmin Noir,bvlgari-splendida-jasmin-noir
2629,Bvlgari Omnia Crystalline L`Eau de Parfum,bvlgari-omnia-crystalline-leau-de-parfum
2632,Bvlgari Man Glacial Essence,bvlgari-man-glacial-essence
2633,Bvlgari BLV pour Homme,bvlgari-blv-pour-homme
2636,Bvlgari Aqva Pour Homme Marine Toniq,bvlgari-aqva-pour-homme-marine-toniq
2638,Bvlgari Jasmin Noir L'Elixir Eau de Parfum,zhenskie-dukhi-bvlgari-jasmin-noir-l-elixir-eau-de-parfum
2647,Bvlgari Allegra Dolce Estasi,bvlgari-allegra-dolce-estasi
2651,Bvlgari Aqva Pour Homme Toniq,bvlgari-aqva-toniq-pour-homme
2659,Bvlgari Man Terrae Essence,bvlgari-man-terrae-essence
2661,Bvlgari Le Gemme Gyan,bvlgari-le-gemme-gyan
2668,Bvlgari Jasmin Noir,bvlgari-jasmin-noir
2669,Bvlgari Rose Goldea Blossom Delight,bvlgari-rose-goldea-blossom-delight
2670,Bvlgari Rose Goldea Blossom Delight Eau de Toilette,bvlgari-rose-goldea-blossom-delight-eau-de-toilette
2673,Bvlgari Man Rain Essence,muzhskie-dukhi-bvlgari-man-rain-essence
2678,Bvlgari Man In Black Parfum,muzhskie-dukhi-bvlgari-man-in-black-parfum
2718,Byredo Bal d'Afrique,byredo-bal-dafrique
2719,Byredo Blanche,byredo-blanche
2720,Byredo Mojave Ghost,byredo-mojave-ghost
2721,Byredo Gypsy Water,byredo-gypsy-water
2722,Byredo La Tulipe,byredo-la-tulipe
2723,Byredo Inflorescence,byredo-inflorescence
2724,Byredo Black Saffron,byredo-black-saffron
2725,Byredo Mixed Emotions,byredo-mixed-emotions
2726,Byredo Pulp,byredo-pulp
2728,Byredo Oud Immortel,byredo-oud-immortel
2729,Byredo Eleventh Hour,byredo-eleventh-hour
2730,Byredo Super Cedar,byredo-super-cedar
2732,Byredo Young Rose,byredo-young-rose
2733,Byredo Flowerhead,byredo-flowerhead
2734,Byredo Sundazed,byredo-sundazed
2736,Byredo Lil Fleur,byredo-lil-fleur
2738,Byredo Tobacco Mandarin,byredo-tobacco-mandarin
2739,Byredo Mister Marvelous,byredo-mister-marvelous
2741,Byredo Animalique,dukhi-byredo-animalique
2743,Byredo Slow Dance,byredo-slow-dance
2751,Byredo De Los Santos,byredo-de-los-santos
2756,Byredo Blanche Absolu,byredo-blanche-absolu
2758,Byredo Mojave Ghost Absolu,byredo
2759,Byredo Lil Fleur Saffron,byredo-lil-fleur-saffron
2760,Byredo Lil Fleur Amber,byredo-lil-fleur-amber
2761,Byredo Lil Fleur Tangerine,byredo-lil-fleur-tangerine
2762,Byredo Lil Fleur Rose,byredo-lil-fleur-rose
2763,Byredo Lil Fleur Blond Wood,byredo-lil-fleur-blond-wood
2764,Byredo Lil Fleur Cassis,byredo-lil-fleur-cassis
2765,Byredo Reine de Nuit (2019),byredo-reine-de-nuit-2019
2766,Byredo Sellier,byredo-sellier
2767,Byredo Rouge Chaotique,dukhi-byredo-rouge-chaotique
2768,Byredo Cuir Obscur,dukhi-byredo-cuir-obscur
2770,Byredo Open Sky,byredo-open-sky
2996,Carolina Herrera Good Girl,carolina-herrera-good-girl
2997,Carolina Herrera CH Men,carolina-herrera-ch-men
2999,Carolina Herrera 212 Vip Men,carolina-herrera-212-vip-men
3001,Carolina Herrera 212 Sexy,carolina-herrera-212-sexy
3003,Carolina Herrera Good Girl Legere,carolina-herrera-good-girl-legere
3004,Carolina Herrera 212 Sexy Men,carolina-herrera-212-sexy-men
3006,Carolina Herrera 212 VIP Black,carolina-herrera-212-vip-black
3007,Carolina Herrera CH Men Prive,carolina-herrera-ch-men-prive
3009,Carolina Herrera Bad Boy,carolina-herrera-bad-boy
3014,Carolina Herrera Good Girl Supreme,carolina-herrera-good-girl-supreme
3015,Carolina Herrera Very Good Girl,carolina-herrera-very-good-girl
3016,Carolina Herrera Bad Boy Le Parfum,carolina-herrera-bad-boy-le-parfum
3017,Carolina Herrera Bad Boy Extreme,carolina-herrera-bad-boy-extreme
3020,Carolina Herrera Good Girl Dot Drama,carolina-herrera-good-girl-dot-drama
3021,Carolina Herrera Very Good Girl Glam,carolina-herrera-very-good-girl-glam
3022,Carolina Herrera 212 VIP Men Party Fever,carolina-herrera-212-vip-men-party-fever
3023,Carolina Herrera 212 VIP Party Fever,carolina-herrera-212-vip-party-fever
3025,Carolina Herrera Bad Boy Cobalt,carolina-herrera-bad-boy-cobalt
3026,Carolina Herrera Bad Boy Cobalt Elixir,muzhskie-dukhi-carolina-herrera-bad-boy-cobalt-elixir
3028,Carolina Herrera 212 VIP Black Red,carolina-herrera-212-vip-black-red
3032,Carolina Herrera 212 VIP Wild Party,carolina-herrera-212-vip-wild-party
3033,Carolina Herrera Bergamot Bloom,carolina-herrera-bergamot-bloom
3035,Carolina Herrera Saffron Lazuli,carolina-herrera-saffron-lazuli
3036,Carolina Herrera Burning Rose,carolina-herrera-burning-rose
3040,Carolina Herrera Sandal Ruby,carolina-herrera-sandal-ruby
3045,Carolina Herrera Gold Myrrh Absolute,carolina-herrera-gold-myrrh-absolute
3051,Carolina Herrera Good Girl Blush,carolina-herrera-good-girl-blush
3053,Carolina Herrera Good Girl Fantastic Pink,carolina-herrera-good-girl-fantastic-pink
3054,Carolina Herrera 212 Heroes Forever Young,carolina-herrera-212-heroes-forever-young
3055,Carolina Herrera 212 VIP Men Wins,muzhskie-dukhi-carolina-herrera-212-vip-men-wins
3056,Carolina Herrera Bad Boy Cobalt Parfum Electrique,muzhskie-dukhi-carolina-herrera-bad-boy-cobalt-parfum-electrique
3057,Carolina Herrera Good Girl Blush Elixir Eau de Parfum,zhenskie-dukhi-carolina-herrera-good-girl-blush-elixir-eau-de-parfum
3063,Carolina Herrera Good Girl Midnight,zhenskie-dukhi-carolina-herrera-good-girl-midnight
3064,Carolina Herrera 212 VIP Black Elixir,carolina-herrera-212-vip-black-elixir
3067,Carolina Herrera Good Girl Velvet Fatale,carolina-herrera-good-girl-velvet-fatale
3071,Carolina Herrera 212 VIP Wild Party Men,carolina-herrera-212-vip-wild-party-men
3079,Carolina Herrera Iris Empire,carolina-herrera-iris-empire
3081,Carolina Herrera CH Men Hot! Hot! Hot!,muzhskie-dukhi-carolina-herrera-ch-men-hot-hot-hot
3082,Carolina Herrera CH Men Under The Sea,muzhskie-dukhi-carolina-herrera-ch-men-under-the-sea
3087,Carolina Herrera Bad Boy Dazzling Garden,muzhskie-dukhi-carolina-herrera-bad-boy-dazzling-garden
3416,Dior Fahrenheit,dior-fahrenheit
3417,Dior Sauvage Eau de Parfum,dior-sauvage-eau-de-parfum
3418,Dior Miss Dior Blooming Bouquet,dior-miss-dior-blooming-bouquet
3421,Dior Addict,dior-addict
3423,Dior Poison Midnight,dior-poison-midnight
3424,Dior Hypnotic Poison,dior-poison-hypnotic
3425,Dior Poison,dior-poison
3426,Dior Miss Dior Cherie Eau De Toilette,dior-miss-dior-cherie-eau-de-toilette
3427,Dior Sauvage Elixir,dior-sauvage-elixir
3430,Dior Addict Eau Fraiche,dior-addict-eau-fraiche-2012
3432,Dior Dune,dior-dune
3433,Dior Joy,dior-joy
3434,Dior Dolce Vita,dior-dolce-vita
3436,Dior Fahrenheit 32,dior-fahrenheit-32
3438,Dior Miss Dior Absolutely Blooming,dior-miss-dior-absolutely-blooming
3439,Dior Sauvage Parfum,dior-sauvage-parfum
3443,Dior Addict Eau Delice,dior-addict-eau-delice
3444,Dior Addict Eau Sensuelle,dior-addict-eau-sensuelle
3445,Dior Aqua Fahrenheit,dior-aqua-fahrenheit
3447,Dior Fahrenheit Le Parfum,dior-fahrenheit-le-parfum
3449,Dior Miss Dior Eau de Toilette 2019,dior-miss-dior-eau-de-toilette-2019
3452,Dior Poison Girl,dior-poison-girl
3453,Dior Pure Poison,dior-pure-poison
3454,Dior Miss Dior Cherie L`eau,dior-miss-dior-cherie-leau
3455,Dior Addict Shine,dior-addict-shine
3456,Dior Joy by Dior Intense,dior-joy-by-dior-intense
3458,Dior Poison Girl Eau De Toilette,dior-poison-girl-eau-de-toilette
3465,Dior Eau de Dolce Vita,dior-eau-de-dolce-vita
3469,Dior Addict Eau Fraiche 2014,dior-addict-eau-fraiche-2014
3473,Dior Hypnotic Poison Eau Secrete,dior-hypnotic-poison-eau-secrete
3475,Dior Miss Dior Originale,dior-miss-dior-originale
3477,Dior Addict 2,dior-addict-2
3483,Dior Hypnotic Poison Eau Sensuelle,dior-hypnotic-poison-eau-sensuelle
3486,Dior Miss Dior Eau de Parfum 2021,dior-miss-dior-eau-de-parfum-2021
3487,Dior Eau Sauvage Parfum 2017,dior-eau-sauvage-parfum-2017
3489,Dior Eau Sauvage Parfum (2012),dior-eau-sauvage-parfum-2012
3491,Dior Poison Girl Unexpected,dior-poison-girl-unexpected
3498,Dior Dune Pour Homme,dior-dune-pour-homme
3499,Dior Miss Dior Eau de Parfum 2017,dior-miss-dior-eau-de-parfum-2017
3506,Dior Vanilla Diorama,dior-vanilla-diorama
3518,Dior Diorama,dior-diorama
3519,Dior Poison Pure Elixir,dior-poison-pure-elixir
3525,Dior Fahrenheit Cologne,muzhskie-dukhi-dior-fahrenheit-cologne
3532,Dior Addict Eau Fraiche 2004,dior-addict-eau-fraiche-2004
3539,Dior Miss Dior Cherie Eau de Printemps,dior-miss-dior-cherie-eau-de-printemps
3626,Clive Christian 1872 for Woman,clive-christian-1872-for-woman
3627,Clive Christian Jump Up And Kiss Me Hedonistic 2021,clive-christian-jump-up-and-kiss-me-hedonistic-2021
3628,Clive Christian X for Women,clive-christian-x-for-women
3629,Clive Christian Matsukita,clive-christian-matsukita
3630,Clive Christian Town & Country,dukhi-clive-christian-town-country
3632,Clive Christian Noble VII Rock Rose,clive-christian-noble-vii-rock-rose
3633,Clive Christian 1872 Masculine,clive-christian-1872-masculine
3634,Clive Christian Cosmos Flower,clive-christian-cosmos-flower
3635,Clive Christian X for Men,clive-christian-x-for-men
3636,Clive Christian Jump Up And Kiss Me Ecstatic 2021,clive-christian-jump-up-and-kiss-me-ecstatic-2021
3637,Clive Christian Crab Apple Blossom,clive-christian-crab-apple-blossom
3638,Clive Christian 1872 for Men,clive-christian-1872-for-men
3640,Clive Christian Blonde Amber,clive-christian-blonde-amber
3644,Clive Christian C for Men,clive-christian-c-for-men
3651,Clive Christian Jump Up And Kiss Me Ecstatic,clive-christian-jump-up-and-kiss-me-ecstatic
3665,Clive Christian Jump up and Kiss Me Hedonistic,clive-christian-jump-up-and-kiss-me-hedonistic
3669,Clive Christian 1872 Orris,clive-christian-1872-orris
3670,Clive Christian C for Women,clive-christian-c-for-women
3673,Clive Christian 1872 Leather,clive-christian-1872-leather
3848,Creed Aventus,creed-aventus
3849,Creed Silver Mountain Water,creed-silver-mountain-water
3850,Creed Aventus For Her,creed-aventus-for-her
3851,Creed Love In White,creed-love-in-white
3852,Creed Acqua Fiorentina,creed-acqua-fiorentina
3853,Creed Viking,creed-viking
3854,Creed Virgin Island Water,creed-virgin-island-water
3855,Creed Aventus Cologne,creed-aventus-cologne
3856,Creed Green Irish Tweed,creed-green-irish-tweed
3857,Creed Spring Flower,creed-spring-flower
3858,Creed Royal Oud,creed-royal-oud
3859,Creed Himalaya,creed-himalaya
3862,Creed Original Vetiver,creed-original-vetiver
3863,Creed Royal Mayfair,creed-royal-mayfair
3865,Creed Royal Water,creed-royal-water
3866,Creed Absolu Aventus,muzhskie-dukhi-creed-absolu-aventus
3867,Creed Fleurissimo,creed-fleurissimo
3868,Creed Royal Princess Oud,creed-royal-princess-oud
3869,Creed Tabarome,creed-tabarome
3871,Creed Erolfa,creed-erolfa
3872,Creed Love in White for Summer,creed-love-in-white-for-summer
3873,Creed Love In Black,creed-love-in-black
3874,Creed Neroli Sauvage,creed-neroli-sauvage
3875,Creed White Flowers,creed-white-flowers
3876,Creed Bois du Portugal,creed-bois-du-portugal
3879,Creed Acqua Originale Vetiver Geranium,creed-acqua-originale-vetiver-geranium
3884,Creed Viking Cologne,creed-viking-cologne
3886,Creed Carmina,zhenskie-dukhi-creed-carmina
3887,Creed Les Royales Exclusives Spice and Wood,creed-les-royales-exclusives-spice-and-wood
3888,Creed Absolu Aventus 2025,creed-absolu-aventus-2025
3889,Creed Les Royales Exclusives Sublime Vanille,creed-les-royales-exclusives-sublime-vanille
3892,Creed Acqua Originale Iris Tubereuse,creed-acqua-originale-iris-tubereuse
3896,Creed Les Royales Exclusives Pure White Cologne,creed-les-royales-exclusives-pure-white-cologne
3900,Creed Pure White Cologne,creed-pure-white-cologne
3901,Creed Wind Flowers,creed-wind-flowers
3903,Creed Queen of Silk,zhenskie-dukhi-creed-queen-of-silk
3911,Creed Aventus 10th Anniversary Limited Edition,creed-aventus-10th-anniversary-limited-edition
4474,Escentric Molecules Kinski,escentric-molecules-kinski
4483,Escentric Molecules Escentric 02 Extrait,escentric-molecules-escentric-02-extrait
4484,Escentric Molecules Molecule 01 + Cistus,escentric-molecules-molecule-01-cistus
4487,Escentric Molecules Molecule 01 + Champaca,escentric-molecules-molecule-01-champaca
4502,Essential Parfums Fig Infusion,essential-parfums-fig-infusion
4503,Essential Parfums Nice Bergamote,essential-parfums-nice-bergamote
4504,Essential Parfums The Musc,essential-parfums-the-musc
4505,Essential Parfums Rose Magnetic,essential-parfums-rose-magnetic
4506,Essential Parfums Orange X Santal,essential-parfums-orange-x-santal
4507,Essential Parfums Divine Vanille,essential-parfums-divine-vanille
4508,Essential Parfums Bois Impérial Extrait,essential-parfumsm-bois-imprial-extrait
4509,Essential Parfums Mon Vetiver,essential-parfums-mon-vetiver
4510,Essential Parfums Patchouli Mania,dukhi-essential-parfums-patchouli-mania
4695,Ex Nihilo Fleur Narcotique,ex-nihilo-fleur-narcotique
4696,Ex Nihilo Lust In Paradise,ex-nihilo-lust-in-paradise
4697,Ex Nihilo Blue Talisman,ex-nihilo-blue-talisman
4698,Ex Nihilo Sweet Morphine,ex-nihilo-sweet-morphine
4699,Ex Nihilo Devil Tender,ex-nihilo-devil-tender
4700,Ex Nihilo Vetiver Moloko,ex-nihilo-vetiver-moloko
4701,Ex Nihilo Cologne 352,ex-nihilo-cologne-352
4702,Ex Nihilo The Hedonist,ex-nihilo-the-hedonist
4703,Ex Nihilo Explicite,ex-nihilo-explicite
4704,Ex Nihilo Fleur Narcotique Love Edition,ex-nihilo-fleur-narcotique-love-edition
4706,Ex Nihilo Venenum Kiss,ex-nihilo-venenum-kiss
4707,Ex Nihilo Midnight Special,ex-nihilo-midnight-special
4710,Ex Nihilo Santal Calling,ex-nihilo-santal-calling
4712,Ex Nihilo Fleur Narcotique Extrait de Parfum,ex-nihilo-fleur-narcotique-extrait-de-parfum
4713,Ex Nihilo Atlas Fever,ex-nihilo-atlas-fever
4714,Ex Nihilo Viper Green,ex-nihilo-viper-green
4718,Ex Nihilo Gold Immortals,ex-nihilo-gold-immortals
4721,Ex Nihilo Fleur Narcotique Signature Musc,ex-nihilo-fleur-narcotique-musc
4722,Ex Nihilo Jasmin Fauve,ex-nihilo-jasmin-fauve
4723,Ex Nihilo Lust In Paradise Par Reine Paradis,ex-nihilo-lust-in-paradise-par-reine-paradis
4725,Ex Nihilo Blue Talisman Extrait de Parfum,ex-nihilo-blue-talisman-extrait-de-parfum
4727,Ex Nihilo Musc Infini,ex-nihilo-musc-infini
4728,Ex Nihilo The Hedonist Extrait de Parfum,dukhi-ex-nihilo-the-hedonist-extrait-de-parfum
4735,Ex Nihilo Rose Hubris,ex-nihilo-rose-hubris
4736,Ex Nihilo Chandigarh Express,dukhi-ex-nihilo-chandigarh-express
4737,Ex Nihilo Fleur Narcotique 10 Years Limited Edition,dukhi-ex-nihilo-fleur-narcotique-10-years-limited-edition
4739,EX Nihilo Venenum Kiss Rose De Mai,ex-nihilo-venenum-kiss-rose-de-mai
4744,Ex Nihilo Gold Immortals Extrait de Parfum,ex-nihilo-gold-immortals-extrait-de-parfum
4745,Ex Nihilo The Hedonist Musc,ex-nihilo-the-hedonist-musc
4746,Ex Nihilo Gold Immortals Musc,dukhi-ex-nihilo-gold-immortals-musc
4748,Ex Nihilo Fleur Narcotique Blossom,ex-nihilo-fleur-narcotique-blossom
5003,Franck Boclet Cocaine,franck-boclet-cocaine
5005,Franck Boclet Sugar,franck-boclet-sugar
5006,Franck Boclet Vanille,franck-boclet-vanille
5014,Franck Boclet Ashes,franck-boclet-ashes
5019,Franck Boclet Patchouli,franck-boclet-patchouli
5025,Franck Boclet Geranium,franck-boclet-geranium
5026,Franck Boclet Oud,franck-boclet-oud
5037,Franck Boclet Vetiver,franck-boclet-vetiver
5045,Franck Boclet Incense,franck-boclet-incense
5048,Franck Boclet Tonka,franck-boclet-tonka
5049,Franck Boclet Violet,franck-boclet-violet
5052,Franck Boclet Just,franck-boclet-just
5105,Frederic Malle Portrait of a Lady,frederic-malle-portrait-of-lady
5106,Frederic Malle French Lover,frederic-malle-french-loverr
5107,Frederic Malle Lipstick Rose,frederic-malle-lipstick-rose
5108,Frederic Malle Dawn,frederic-malle-dawn
5109,Frederic Malle En Passant,frederic-malle-passant
5111,Frederic Malle Vetiver Extraordinaire,frederic-malle-vetiver-extraordinaire
5112,Frederic Malle Rose & Cuir,frederic-malle-rose-cuir
5113,Frederic Malle Musc Ravageur,frederic-malle-musc-ravageurr
5114,Frederic Malle Iris Poudre,frederic-malle-iris-poudree
5115,Frederic Malle Carnal Flower,frederic-malle-carnal-flowerr
5116,Frederic Malle Promise,frederic-malle-promise1
5117,Frederic Malle Eau de Magnolia,frederic-malle-eau-de-magnolia
5118,Frederic Malle Bigarade Concentree,frederic-malle-bigarade-concentree
5119,Frederic Malle Geranium Pour Monsieur,frederic-malle-geranium-pour-monsieurr
5120,Frederic Malle Dans Tes Bras,frederic-malle-dans-tes-bras
5122,Frederic Malle Music For a While,frederic-malle-music-for-a-while
5123,Frederic Malle Lys Mediterranee,frederic-malle-lys-mediterranee
5125,Frederic Malle Monsieur,frederic-malle-monsieur
5129,Frederic Malle Uncut Gem,muzhskie-dukhi-frederic-malle-uncut-gem
5130,Frederic Malle The Moon,dukhi-frederic-malle-the-moon
5134,Frederic Malle The Night,frederic-malle-the-night
5196,Genyum Painter,genyum-painter
5368,Giorgio Armani My Way,giorgio-armani-my-way
5375,Giorgio Armani  Stronger With You,giorgio-armani-stronger-with-you
5380,Giorgio Armani Stronger With You Intensely,giorgio-armani-stronger-with-you-intensely
5386,Giorgio Armani Code Profumo,giorgio-armani-code-profumo
5387,Giorgio Armani My Way Intense,giorgio-armani-my-way-intense
5398,Giorgio Armani Mania pour Homme,giorgio-armani-mania-pour-homme
5403,Giorgio Armani My Way Floral,giorgio-armani-my-way-floral
5406,Giorgio Armani Stronger With You Absolutely,giorgio-armani-stronger-with-you-absolutely
5408,Emporio Armani Diamonds,emporio-armani-diamonds
5410,Emporio Armani Diamonds For Men,emporio-armani-diamonds-for-men
5411,Giorgio Armani Stronger With You Freeze men,giorgio-armani-stronger-with-you-freeze-men
5431,Giorgio Armani Code Absolu,giorgio-armani-code-absolu
5435,Giorgio Armani Code Luna sensuelle,giorgio-armani-code-luna-sensuelle
5437,Giorgio Armani Acqua di Giò Profondo Parfum,muzhskie-dukhi-giorgio-armani-acqua-di-gi-profondo-parfum
5438,Giorgio Armani Emporio Armani Stronger With You Tobacco,muzhskie-dukhi-giorgio-armani-emporio-armani-stronger-with-you-tobacco
5439,Giorgio Armani Armani Code Eau de Parfum,giorgio-armani-armani-code-eau-de-parfum
5442,Giorgio Armani Stronger With You Only,giorgio-armani-stronger-with-you-only
5444,Giorgio Armani My Way Nectar,zhenskie-dukhi-giorgio-armani-my-way-nectar
5455,Giorgio Armani Sensi,giorgio-armani-sensi
5460,Giorgio Armani Stronger With You Oud,giorgio-armani-stronger-with-you-oud
5463,Giorgio Armani Armani Code Absolu Pour Femme,giorgio-armani-armani-code-absolu-pour-femme
5467,Emporio Armani Diamonds Rose,emporio-armani-diamonds-rose
5468,Giorgio Armani Armani Code Absolu Gold,giorgio-armani-armani-code-absolu-gold
5472,Giorgio Armani My Way Parfum,zhenskie-dukhi-giorgio-armani-my-way-parfum
5477,Emporio Armani Diamonds Violet,emporio-armani-diamonds-violet
5487,Giorgio Armani Emporio Armani Stronger With You Amber,dukhi-giorgio-armani-emporio-armani-stronger-with-you-amber
5488,Giorgio Armani Sì Passione Red Maestro,zhenskie-dukhi-giorgio-armani-s-passione-red-maestro
5489,Giorgio Armani Emporio Armani Stronger With You Leather,muzhskie-dukhi-giorgio-armani-emporio-armani-stronger-with-you-leather
5490,Giorgio Armani Code Parfum,muzhskie-dukhi-giorgio-armani-code-parfum
5504,Emporio Armani Diamonds Black Carat,emporio-armani-diamonds-black-carat
5506,Giorgio Armani Sensi White Notes,giorgio-armani-sensi-white-notes
5507,Emporio Armani Diamonds Intense,emporio-armani-diamonds-intense
5522,Givenchy Ange Ou Demon Le Secret edP,givenchy-ange-ou-demon-le-secret
5525,Givenchy Ange Ou Demon,givenchy-ange-ou-demon
5526,Givenchy Organza,givenchy-organza
5528,Givenchy Gentlemen Only,givenchy-gentlemen-only
5530,Givenchy Amarige,givenchy-amarige
5531,Givenchy Very Irresistible,givenchy-very-irresistible
5535,Givenchy Gentleman Eau de Parfum Boisee,givenchy-gentleman-eau-de-parfum-boisee
5537,Givenchy Irresistible,givenchy-irresistible
5538,Givenchy Dahlia Divin,givenchy-dahlia-divin
5539,Givenchy Ange Ou Demon Le Secret Elixir,givenchy-ange-ou-demon-le-secret-elixir
5541,Givenchy Live Irresistible Blossom Crush,givenchy-live-irresistible-blossom-crush
5543,Givenchy Very Irresistible Fresh Attitude,givenchy-very-irresistible-fresh-attitude
5544,Givenchy Very Irresistible L`Intense,givenchy-very-irresistible-lintense
5545,Givenchy Very Irresistible For Men,givenchy-very-irresistible-for-men
5546,Givenchy Ange Ou Demon Le Secret edT,givenchy-ange-ou-demon-le-secret-eau-de-toilette
5547,Givenchy Dahlia Divin Eau Initiale,givenchy-dahlia-divin-eau-initiale
5548,Givenchy Dahlia Divin Eau de Parfum Nude,givenchy-dahlia-divin-eau-de-parfum-nude
5549,Givenchy Gentleman Eau De Parfum,givenchy-gentleman-eau-de-parfum
5550,Givenchy Pi NEO,givenchy-pi-neo
5554,Givenchy Pi,givenchy-pi
5555,Givenchy Gentlemen Only Absolute,givenchy-gentlemen-only-absolute
5556,Givenchy Live Irresistible Rosy Crush,givenchy-live-irresistible-rosy-crush
5557,Givenchy Eau De Givenchy,givenchy-eau-de-givenchy
5558,Givenchy Gentlemen Only Intense,givenchy-gentlemen-only-intense
5565,Givenchy Dahlia Divin Eau de Toilette,givenchy-dahlia-divin-eau-de-toilette
5566,Givenchy Gentlemen Only Casual Chic,givenchy-gentlemen-only-casual-chic
5568,Givenchy Gentleman Eau de Parfum Reserve Privée,givenchy-gentleman-eau-de-parfum-reserve-prive
5569,Givenchy Dahlia Divin Le Nectar de Parfum,givenchy-dahlia-divin-le-nectar-de-parfum
5570,Givenchy Very Irresistible Electric Rose,givenchy-very-irresistible-electric-rose
5574,Givenchy Ange ou Demon Le Parfum Accord Illicite,givenchy-ange-ou-demon-le-parfum-accord-illicite
5575,Givenchy Irresistible Eau De Toilette Fraiche,givenchy-irresistible-eau-de-toilette-fraiche
5577,Givenchy  Live Irresistible,givenchy-live-irresistible
5578,Givenchy L'Interdit Eau de Parfum Rouge Ultime,zhenskie-dukhi-givenchy-linterdit-eau-de-parfum-rouge-ultime
5579,Givenchy Ange Ou Demon Tendre,givenchy-ange-ou-demon-tendre
5583,Givenchy Live Irresistible Eau de Toilette,givenchy-live-irresistible-eau-de-toilette
5585,Givenchy Very Irresistible Sensual,givenchy-very-irresistible-sensual
5587,Givenchy Irresistible Givenchy Very Floral,zhenskie-dukhi-givenchy-irresistible-givenchy-very-floral
5589,Givenchy Amarige Mariage,givenchy-amarige-mariage
5591,Givenchy L'Interdit Absolu,zhenskie-dukhi-givenchy-linterdit-absolu
5597,Givenchy Very Irresistible L`Eau en Rose,givenchy-very-irresistible-leau-en-rose
5600,Givenchy Very Irresistible For Man,givenchy-very-irresistible-for-man
5609,Givenchy Gentleman Society,givenchy-gentleman-society
5610,Givenchy Irresistible Eau de Toilette,zhenskie-dukhi-givenchy-irresistible-eau-de-toilette
5611,Givenchy Gentleman Society Eau de Parfum Extrême,muzhskie-dukhi-givenchy-gentleman-society-eau-de-parfum-extrme
5612,Givenchy Amarige D`Amour,givenchy-amarige-damour
5614,Givenchy Very Irresistible Poesie d`un Parfum d`Hiver,givenchy-very-irresistible-poesie-dun-parfum-dhiver
5630,Givenchy Eau de Givenchy Rosée,givenchy-eau-de-givenchy-rose
5636,Givenchy Gentlemen Only Fraiche,muzhskie-dukhi-givenchy-gentlemen-only-fraiche
5641,Givenchy L'Interdit Burning Neroli,zhenskie-dukhi-givenchy-linterdit-burning-neroli
5643,Givenchy Ange Ou Demon Le Secret Edition Croisiere,givenchy-ange-ou-demon-le-secret-edition-croisiere
5645,Givenchy Ange Ou Demon Le Secret Poesie D`un Parfum D`Hiver edition,givenchy-ange-ou-demon-le-secret-poesie-dun-parfum-dhiver-edition
5647,Givenchy Organza Indecence,givenchy-organza-indecence
5648,Givenchy Very Irresistible Edition Croisiere,givenchy-very-irresistible-edition-croisiere
5650,Givenchy Very Irresistible Mes Envies,givenchy-very-irresistible-mes-envies
5652,Givenchy Pi Fraiche,givenchy-pi-fraiche
5654,Givenchy Extravagance d'Amarige,givenchy-extravagance-damarige
5750,Gucci Flora Gorgeous Gardenia,gucci-flora-gorgeous-gardenia
5751,Gucci Rush,gucci-rush
5754,Gucci Rush 2,gucci-rush-2
5755,Gucci Bamboo EDP,gucci-bamboo
5756,Gucci Envy Me,gucci-envy-me
5759,Gucci Pour Homme New,gucci-pour-homme-new
5760,Gucci by Gucci Premiere,gucci-by-gucci-premiere
5762,Gucci Flora Gorgeous Gardenia Eau de Parfum,zhenskie-dukhi-gucci-flora-gorgeous-gardenia-eau-de-parfum
5764,Gucci Guilty Black Pour Homme,gucci-guilty-black-pour-homme
5765,Gucci Flora by Gucci Generous Violet,gucci-by-gucci-generous-violet
5766,Gucci by Gucci EDP,gucci-by-gucci
5768,Gucci Guilty Absolute Pour Homme,gucci-guilty-absolute-pour-homme
5770,Gucci Envy,gucci-envy
5771,Gucci By Gucci  Made To Measure,gucci-by-gucci-made-to-measure
5773,Gucci Bloom Acqua Di Fiori,gucci-bloom-acqua-di-fiori
5774,Gucci Bloom Nettare Di Fiori,gucci-bloom-nettare-di-fiori
5775,Gucci by Gucci Gracious Tuberose,gucci-by-gucci-gracious-tuberose
5776,Gucci By Gucci Pour Homme Sport,gucci-by-gucci-pour-homme-sport
5777,Gucci Bamboo EDT,gucci-bamboo-eau-de-toilette
5778,Gucci Pour Homme II,gucci-pour-homme-ii
5779,Gucci Guilty Absolute Pour Femme,gucci-guilty-absolute-pour-femme
5780,Gucci by Gucci Glorious Mandarin,gucci-by-gucci-glorious-mandarin
5782,Gucci Flora Gorgeous Jasmine,gucci-flora-gorgeous-jasmine
5786,Gucci Bloom Ambrosia di Fiori,gucci-bloom-ambrosia-di-fiori
5790,Gucci Envy for Men,gucci-envy-for-men
5802,Gucci Envy Me 2,gucci-envy-me-2
5807,Gucci Bloom Profumo Di Fiori,gucci-bloom-profumo-di-fiori
5808,Gucci by Gucci EDT,gucci-by-gucci-eau-de-toilette
5809,Gucci Flora Gorgeous Orchid,zhenskie-dukhi-gucci-flora-gorgeous-orchid
5815,Gucci Premiere By Gucci Eau de Toilette,gucci-premiere-by-gucci-eau-de-toilette
5829,Gucci Flora Gorgeous Magnolia,zhenskie-dukhi-gucci-flora-gorgeous-magnolia
5835,Gucci pour homme,gucci-pour-homme
6084,Hermes Un Jardin Sur Le Nil,hermes-un-jardin-sur-le-nil
6089,Hermes Un Jardin Sur Le Toit,hermes-un-jardin-sur-le-toit
6093,Hermes Le Jardin de Monsieur Li,hermes-le-jardin-de-monsieur-li
6100,Hermes Eau Des Merveilles,hermes-eau-des-merveilles
6101,Hermes Eau Des Merveilles Bleue,hermes-eau-des-merveilles-bleue
6103,Hermes Un Jardin Apres La Mousson,hermes-un-jardin-apres-la-mousson
6105,Hermes Eau de Rhubarbe Ecarlate,hermes-eau-de-rhubarbe-ecarlate
6106,Hermes Galop d` Hermes,hermes-galop-d-hermes
6110,Hermes H24,hermes-h24
6121,Hermes Eau de Citron Noir,hermes-eau-de-citron-noir
6122,Hermes Rocabar,hermes-rocabar
6127,Hermes Eau de Mandarine Ambree,hermes-eau-de-mandarine-ambree
6128,Hermes Bel Ami Vetiver,hermes-bel-ami-vetiver
6131,Hermes H24 Herbes Vives,muzhskie-dukhi-hermes-h24-herbes-vives
6134,Hermes Eau de Neroli Dore,hermes-eau-de-neroli-dore
6137,Hermes Equipage,hermes-equipage
6140,Hermes L'Ombre Des Merveilles,hermes-lombre-des-merveilles
6142,Hermes H24 Eau de Parfum,hermes-h24-eau-de-parfum
6144,Hermes Eau Des Merveilles Pegase,hermes-eau-des-merveilles-pegase
6151,Hermes Equipage Geranium,hermes-equipage-geranium
6266,Hormone Paris This is not Testosterone,hormone-paris-this-is-not-testosterone
6267,Hormone Paris This is not Endorphin,hormone-paris-endorphin
6269,Hormone Paris This is not Dopamine,hormone-paris-dopamine
6270,Hormone Paris This is not Oxytocin,hormone-paris-oxytocin
6271,Hormone Paris This is not Adrenaline,hormone-paris-adrenaline
6677,Jean Paul Gaultier Scandal,jean-paul-gaultier-scandal
6678,Jean Paul Gaultier Classique,jean-paul-gaultier-classique
6680,Jean Paul Gaultier Le Male Elixir,muzhskie-dukhi-jean-paul-gaultier-le-male-elixir
6681,Jean Paul Gaultier La Belle Paradise Garden,zhenskie-dukhi-jean-paul-gaultier-la-belle-paradise-garden
6682,Jean Paul Gaultier Le Beau Paradise Garden,muzhskie-dukhi-jean-paul-gaultier-le-beau-paradise-garden
6683,Jean Paul Gaultier La Belle Le Parfum,zhenskie-dukhi-jean-paul-gaultier-la-belle-le-parfum
6687,Jean Paul Gaultier Scandal Pour Homme,jean-paul-gaultier-scandal-pour-homme
6692,Jean Paul Gaultier So Scandal!,jean-paul-gaultier-so-scandal
6694,Jean Paul Gaultier La Belle,zhenskie-dukhi-jean-paul-gaultier-la-belle
6695,Jean Paul Gaultier Scandal By Night,zhenskie-dukhi-jean-paul-gaultier-scandal-by-night
6696,Jean Paul Gaultier Scandal Le Parfum,zhenskie-dukhi-jean-paul-gaultier-scandal-le-parfum
6697,Jean Paul Gaultier Scandal Pour Homme Le Parfum,muzhskie-dukhi-jean-paul-gaultier-scandal-pour-homme-le-parfum
6698,Jean Paul Gaultier La Belle Fleur Terrible,zhenskie-dukhi-jean-paul-gaultier-la-belle-fleur-terrible
6701,Jean Paul Gaultier Le Male Le Parfum,jean-paul-gaultier-le-male-le-parfum-intense
6702,Jean Paul Gaultier Scandal A Paris,jean-paul-gaultier-scandal-a-paris
6703,Jean Paul Gaultier Classique Intense,jean-paul-gaultier-classique-intense
6704,Jean Paul Gaultier Le Male Eau de Toilette Airlines,jean-paul-gaultier-le-male-eau-de-toilette-airlines
6813,Jo Malone Wood Sage & Sea Salt,jo-malone-wood-sage-sea-salt
6814,Jo Malone Blackberry & Bay,jo-malone-blackberry-bay
6816,Jo Malone English Pear & Freesia,jo-malone-english-pear-freesia
6817,Jo Malone Wild Bluebell,jo-malone-wild-bluebell
6818,Jo Malone Lime Basil & Mandarin,jo-malone-lime-basil-mandarin
6819,Jo Malone Nectarine Blossom & Honey,jo-malone-nectarine-blossom-honey
6820,Jo Malone Myrrh & Tonka,jo-malone-myrrh-tonka
6821,Jo Malone Oud & Bergamot Intense,jo-malone-oud-bergamot-intense
6822,Jo Malone Orange Blossom,jo-malone-orange-blossom
6823,Jo Malone Mimosa & Cardamom,jo-malone-mimosa-cardamom
6824,Jo Malone Pomegranate Noir,jo-malone-pomegranate-noir
6825,Jo Malone Poppy & Barley,jo-malone-poppy-barley
6826,Jo Malone Velvet Rose & Oud,jo-malone-velvet-rose-oud
6829,Jo Malone Tuberose Angelica,jo-malone-tuberose-angelica
6833,Jo Malone Dark Amber & Ginger Lily,jo-malone-dark-amber-ginger-lily
6834,Jo Malone Honeysuckle & Davana,jo-malone-honeysuckle-davana
6835,Jo Malone Scarlet Poppy Intense,jo-malone-scarlet-poppy-intense
6839,Jo Malone Red Roses,jo-malone-red-roses
6840,Jo Malone Fig & Lotus Flower,jo-malone-fig-lotus-flower
6843,Jo Malone Jasmine Sambac & Marigold,jo-malone-jasmine-sambac-marigold
6845,Jo Malone French Lime Blossom,jo-malone-french-lime-blossom
6849,Jo Malone Silver Birch & Lavender,jo-malone-silver-birch-lavender
6852,Jo Malone Cypress & Grapevine,jo-malone-cypress-grapevine
6861,Jo Malone Whisky & Cedarwood,jo-malone-whisky-cedarwood
6884,Jo Malone Green Almond & Redcurrant,jo-malone-green-almond-redcurrant
6885,Jo Malone Earl Grey & Cucumber,jo-malone-earl-grey-cucumber
6887,Jo Malone Star Magnolia,jo-malone-star-magnolia
6899,Jo Malone Yuja Cologne,jo-malone-yuja-cologne
7111,Kajal Dahab,kajal-dahab
7112,Kajal Lamar,kajal-lamar
7113,Kajal Almaz,kajal-almaz
7121,Kajal Jihan,kajal-jihan
7129,Kajal Aican,dukhi-kajal-aican
7396,Kilian Can't Stop Loving You,kilian-cant-stop-loving-you
7398,Kilian Angels' Share Paradis,kilian-angels-share-paradis-eau-de-parfum
7770,Lancome La Vie Est Belle,lancome-la-vie-est-belle
7771,Lancome Miracle,lancome-miracle
7772,Lancome Climat,lancome-climat
7777,Lancome Magie Noire,lancome-magie-noire
7780,Lancome La Vie Est Belle Intense,lancome-la-vie-est-belle-intense
7783,Lancome La Vie Est Belle Intensément,lancome-la-vie-est-belle-intensment
7785,Lancome La Vie Est Belle L`Eau de Parfum Legere,lancome-la-vie-est-belle-leau-de-parfum-legere
7786,Lancome La Vie Est Belle L'Éclat,lancome-la-vie-est-belle-lclat
7787,Lancome La Vie Est Belle L Eau de Toilette Florale,lancome-la-vie-est-belle-l-eau-de-toilette-florale
7791,Lancome Jasmins Marzipane,lancome-jasmins-marzipane
7795,Lancome La Vie Est Belle Soleil Cristal,lancome-la-vie-est-belle-soleil-cristal
7796,Lancome Miracle Secret,lancome-miracle-secret
7799,Lancome La Vie Est Belle En Rose,lancome-la-vie-est-belle-en-rose
7804,Lancome Miracle Blossom,lancome-miracle-blossom
7805,Lancome Oud Bouquet,lancome-oud-bouquet
7806,Lancome Miracle Forever,lancome-miracle-forever
7816,Lancome La Vie Est Belle Iris Absolu,zhenskie-dukhi-lancome-la-vie-est-belle-iris-absolu
7826,Lancome La Vie est Belle L'Eclat L'Eau de Toilette,zhenskie-dukhi-lancome-la-vie-est-belle-leclat-leau-de-toilette
7831,Lancome La Vie Est Belle Rose Extraordinaire,zhenskie-dukhi-lancome-la-vie-est-belle-rose-extraordinaire
7833,Lancome Oui La Vie Est Belle,lancome-oui-la-vie-est-belle
7834,Lancome Parfait de Roses,lancome-parfait-de-roses
8075,Le Labo Santal 33,le-labo-santal-33-perf
8076,Le Labo Another 13,le-labo-another-13-perf
8078,Le Labo Bergamote 22,le-labo-bergamote-22-perf
8079,Le Labo Tonka 25,le-labo-tonka-25-perf
8080,Le Labo Baie 19,le-labo-baie-19-perf
8081,Le Labo Ambrette 9,le-labo-ambrette-9-perf
8084,Le Labo Neroli 36,le-labo-neroli-36-perf
8086,Le Labo Lys 41,le-labo-lys-41-perf
8087,Le Labo Iris 39,le-labo-iris-39-perf
8091,Le Labo Jasmin 17,le-labo-jasmin-17-perf
8092,Le Labo Benjoin 19,le-labo-benjoin-19-perf
8093,Le Labo Patchouli 24,le-labo-patchouli-24-perf
8095,Le Labo Ylang 49,le-labo-ylang-49-perf
8096,Le Labo Oud 27,le-labo-oud-27-perf
8098,Le Labo Gaiac 10,le-labo-gaiac-10-perf
8099,Le Labo Musc 25,le-labo-musc-25-perf
8101,Le Labo Poivre 23,le-labo-poivre-23-perf
8105,Le Labo Benjoin 19 Moscow,le-labo-benjoin-19-moscow-perf
8350,Louis Vuitton Imagination,louis-vuitton-imagination
8352,Louis Vuitton Afternoon Swim,louis-vuitton-afternoon-swim
8354,Louis Vuitton Pacific Chill,louis-vuitton-pacific-chill
8355,Louis Vuitton Ombre Nomade,louis-vuitton-ombre-nomade
8357,Louis Vuitton Symphony,dukhi-louis-vuitton-symphony
8359,Louis Vuitton On The Beach,dukhi-louis-vuitton-on-the-beach
8361,Louis Vuitton Nuit De Feu,louis-vuitton-nuit-de-feu
8362,Louis Vuitton Orage,louis-vuitton-orage
8363,Louis Vuitton Sur la Route,muzhskie-dukhi-louis-vuitton-sur-la-route
8368,Louis Vuitton California Dream,louis-vuitton-california-dream
8370,Louis Vuitton Spell On You,louis-vuitton-spell-on-you
8372,Louis Vuitton Les Sables Roses,louis-vuitton-les-sables-roses
8373,Louis Vuitton City of Stars,louis-vuitton-city-of-stars
8375,Louis Vuitton Rose des Vents,louis-vuitton-rose-des-vents
8376,Louis Vuitton Stellar Times,dukhi-louis-vuitton-stellar-times
8378,Louis Vuitton Nouveau Monde,muzhskie-dukhi-louis-vuitton-nouveau-monde
8380,Louis Vuitton Mille Feux,louis-vuitton-mille-feux
8381,Louis Vuitton Dans la Peau,louis-vuitton-dans-la-peau
8382,Louis Vuitton Heures D'Absence,louis-vuitton-heures-dabsence
8383,Louis Vuitton Sun Song,louis-vuitton-sun-song
8384,Louis Vuitton Contre Moi,louis-vuitton-contre-moi
8385,Louis Vuitton Au Hasard,louis-vuitton-au-hasard
8723,Marc Jacobs Daisy eau de Toilette,marc-jacobs-daisy-eau-de-toilette
8724,Marc Jacobs Daisy eau de Parfum,marc-jacobs-daisy-eau-de-parfum
8725,Marc Jacobs Daisy Eau So Fresh,marc-jacobs-daisy-eau-so-fresh
8726,Marc Jacobs Decadence,marc-jacobs-decadence
8727,Marc Jacobs Decadence Divine,marc-jacobs-decadence-divine
8728,Marc Jacobs Daisy Love,marc-jacobs-daisy-love
8729,Marc Jacobs Perfect,marc-jacobs-perfect
8730,Marc Jacobs Lola,marc-jacobs-lola
8731,Marc Jacobs Bang,marc-jacobs-bang
8733,Marc Jacobs Daisy Dream,marc-jacobs-daisy-dream
8734,Marc Jacobs Daisy Dream Forever,marc-jacobs-daisy-dream-forever
8735,Marc Jacobs Decadence Eau So Decadent,marc-jacobs-decadence-eau-so-decadent
8737,Marc Jacobs Bang Bang,marc-jacobs-bang-bang
8738,Marc Jacobs Perfect Eau de Toilette,zhenskie-dukhi-marc-jacobs-perfect-eau-de-toilette
8739,Marc Jacobs Daisy Eau So Intense,marc-jacobs-daisy-eau-so-intense
8740,Marc Jacobs Perfect Intense,marc-jacobs-perfect-intense
8741,Marc Jacobs Daisy Dream Daze,marc-jacobs-daisy-dream-daze
8743,Marc Jacobs Honey,marc-jacobs-honey
8745,Marc Jacobs Dot,marc-jacobs-dot
8746,Marc Jacobs Daisy Ever So Fresh,zhenskie-dukhi-marc-jacobs-daisy-ever-so-fresh
8747,Marc Jacobs Daisy Eau So Fresh Daze,marc-jacobs-daisy-eau-so-fresh-daze
8748,Marc Jacobs Daisy Twinkle,marc-jacobs-daisy-twinkle
8749,Marc Jacobs Daisy Kiss,marc-jacobs-daisy-kiss
8750,Marc Jacobs Daisy Eau So Fresh Kiss,marc-jacobs-daisy-eau-so-fresh-kiss
8752,Marc Jacobs Daisy Dream Sunshine,marc-jacobs-daisy-dream-sunshine
8755,Marc Jacobs Daisy Dream Twinkle,zhenskie-dukhi-marc-jacobs-daisy-dream-twinkle
8758,Marc-Antoine Barrois Ganymede,marc-antoine-barrois-ganymede
8759,Marc-Antoine Barrois Tilia,dukhi-marc-antoine-barrois-tilia
8760,Marc-Antoine Barrois Encelade,marc-antoine-barrois-encelade
8761,Marc-Antoine Barrois Ganymede Extrait,marc-antoine-barrois-ganymede-extrait
8763,Marc-Antoine Barrois B683,marc-antoine-barrois-b683
8764,Marc-Antoine Barrois B683 Extrait,marc-antoine-barrois-b683-extrait
9223,Montale Roses Musk,montale-roses-musk
9224,Montale Intense Cafe,montale-intense-cafe
9225,Montale Soleil de Capri,montale-soleil-de-capri
9226,Montale Chocolate Greedy,montale-chocolate-greedy
9227,Montale Dark Purple,montale-dark-purple
9228,Montale Mukhallat,montale-mukhallat
9229,Montale Wild Pears,montale-wild-pears
9232,Montale Aoud Forest,montale-aoud-forest
9235,Montale Vanille Absolu,montale-vanille-absolu
9236,Montale Red Vetiver,montale-red-vetiver
9240,Montale Starry Nights,montale-starry-nights
9241,Montale Intense Roses Musk,montale-intense-roses-musk
9242,Montale Mango Manga,montale-mango-manga
9243,Montale Intense Tiare,montale-intense-tiare
9244,Montale Wood & Spices,montale-wood-spices
9248,Montale Amber Musk,montale-amber-musk
9252,Montale Aoud Lagoon,montale-aoud-lagoon
9253,Montale Sensual Instinct,montale-sensual-instinct
9254,Montale Sweet Vanilla,montale-sweet-vanilla
9255,Montale Black Aoud,montale-black-aoud
9265,Montale Aoud Leather,montale-aoud-leather
9269,Montale Oudmazing,montale-oudmazing
9270,Montale Day Dreams,montale-day-dreams
9271,Montale Black Musk,montale-black-musk
9272,Montale Arabians Tonka,montale-arabians-tonka
9275,Montale Honey Aoud,montale-honey-aoud
9287,Montale Ristretto Intense Cafe,montale-ristretto-intense-cafe
9293,Montale Oud Tobacco,montale-oud-tobacco
9301,Montale Tropical Wood,montale-tropical-wood
9302,Montale Patchouli Leaves,montale-patchouli-leaves
9316,Montale White Aoud,montale-white-aoud
9320,Montale Blue Amber,montale-blue-amber
9323,Montale Black Aoud Intense,montale-black-aoud-intense
9343,Montale Aoud Ambre,montale-aoud-ambre
9436,Narciso Rodriguez Pure Musc,narciso-rodriguez-pure-musc
9441,Narciso Rodriguez Musc Noir For Her Eau de Parfum,narciso-rodriguez-musc-noir-for-her-eau-de-parfum
9442,Narciso Rodriguez Fleur Musc For Her Eau de Toilette Florale,narciso-rodriguez-fleur-musc-for-her-eau-de-toilette-florale
9444,Narciso Rodriguez Narciso Eau De Parfum Ambree,narciso-rodriguez-narciso-eau-de-parfum-ambree
9446,Nasomatto Black Afgano,nasomatto-black-afgano
9447,Nasomatto Narcotic Venus,nasomatto-narcotic-venus
9448,Nasomatto Absinth,nasomatto-absinth
9449,Nasomatto Blamage,nasomatto-blamage
9450,Nasomatto Duro,nasomatto-duro
9451,Nasomatto Baraonda,nasomatto-baraonda
9452,Nasomatto Silver Musk,nasomatto-silver-musk
9454,Nasomatto Pardon,nasomatto-pardon
9455,Nasomatto Fantomas,nasomatto-fantomas
9457,Nasomatto China White,nasomatto-china-white
9458,Nasomatto Hindu Grass,nasomatto-hindu-grass
9459,Nasomatto Nuda,nasomatto-nuda
9546,Nishane Hundred Silent Ways,nishane-hundred-silent-ways
9547,Nishane Hacivat,nishane-hacivat
9548,Nishane Ani,nishane-ani
9550,Nishane Hacivat X,nishane-hacivat-x
9551,Nishane Zenne,nishane-zenne
9552,Nishane Hundred Silent Ways X,nishane-hundred-silent-ways-x
9553,Nishane Wulong Cha X,nishane-wulong-cha-x
9555,Nishane Shem,nishane-shem
9556,Nishane Ambra Calabria,nishane-ambra-calabria
9827,Orto Parisi Terroni,orto-parisi-terroni
9828,Orto Parisi Megamare,orto-parisi-megamare
9829,Orto Parisi Boccanera,orto-parisi-boccanera
9830,Orto Parisi Cuoium,orto-parisi-cuoium
9831,Orto Parisi Seminalis,orto-parisi-seminalis
9832,Orto Parisi Stercus,orto-parisi-stercus
9833,Orto Parisi Brutus,orto-parisi-brutus
9834,Orto Parisi Viride,orto-parisi-viride
9835,Orto Parisi Bergamask,orto-parisi-bergamask
9859,Paco Rabanne 1 Million,paco-rabanne-1-million
9860,Paco Rabanne Invictus,paco-rabanne-invictus
9861,Paco Rabanne Lady Million,paco-rabanne-lady-million
9862,Paco Rabanne Ultraviolet (new),paco-rabanne-ultraviolet-new
9863,Paco Rabanne  Black XS,paco-rabanne-black-xs
9864,Paco Rabanne Ultraviolet for Men,paco-rabanne-ultraviolet-for-men
9865,Paco Rabanne Olympea,paco-rabanne-olympea
9868,Paco Rabanne Black XS,paco-rabanne-black-xs-femme
9869,Paco Rabanne 1 Million Parfum,paco-rabanne-1-million-parfum
9870,Paco Rabanne Lady Million Prive,paco-rabanne-lady-million-prive
9871,Paco Rabanne 1 Million Lucky,paco-rabanne-1-million-lucky
9872,Paco Rabanne Olympea Intense,paco-rabanne-olympea-intense
9873,Paco Rabanne 1 Million Royal,paco-rabanne-1-million-royal
9874,Paco Rabanne 1 Million Prive,paco-rabanne-1-million-prive
9875,Paco Rabanne Invictus Intense,paco-rabanne-invictus-intense
9877,Paco Rabanne Phantom,paco-rabanne-phantom
9878,Paco Rabanne Lady Million Fabulous,paco-rabanne-lady-million-fabulous
9880,Paco Rabanne Lady Million Lucky,paco-rabanne-lady-million-lucky
9882,Paco Rabanne 1 Million Intense,paco-rabanne-1-million-intense
9883,Paco Rabanne Lady Million Empire,paco-rabanne-lady-million-empire
9885,Paco Rabanne Invictus Victory Elixir,paco-rabanne-invictus-victory-elixir
9886,Paco Rabanne Lady Million Eau My Gold,paco-rabanne-lady-million-eau-my-gold
9887,Paco Rabanne Invictus Victory,paco-rabanne-invictus-victory
9888,Paco Rabanne Invictus Legend,paco-rabanne-invictus-legend
9889,Paco Rabanne Olympea Legend,paco-rabanne-olympea-legend
9890,Paco Rabanne Black XS for Her Eau de Parfum,paco-rabanne-black-xs-for-her-eau-de-parfum
9891,Paco Rabanne 1 Million Elixir,paco-rabanne-1-million-elixir
9892,Paco Rabanne Invictus Aqua,paco-rabanne-invictus-aqua
9893,Paco Rabanne Invictus Platinum,paco-rabanne-invictus-platinum
9894,Paco Rabanne Ultraviolet Liquid Metal for Woman,paco-rabanne-ultraviolet-liquid-metal-for-woman
9896,Paco Rabanne Black XS,paco-rabanne-black-xs-new
9897,Paco Rabanne Olympea Aqua Legere,paco-rabanne-olympea-aqua-legere
9899,Paco Rabanne Lady Million Royal,paco-rabanne-lady-million-royal
9901,Paco Rabanne Olympea Aqua,paco-rabanne-olympea-aqua
9902,Paco Rabanne Invictus Parfum,muzhskie-dukhi-paco-rabanne-invictus-parfum
9905,Paco Rabanne Olympea Solar,paco-rabanne-olympea-solar
9906,Paco Rabanne Olympea Parfum,zhenskie-dukhi-paco-rabanne-olympea-parfum
9907,Paco Rabanne 1 Million Cologne,paco-rabanne-1-million-cologne
9908,Paco Rabanne Pour Homme,muzhskie-dukhi-paco-rabanne-pour-homme
9909,Paco Rabanne Fame,paco-rabanne-fame
9910,Paco Rabanne Olympea Blossom,paco-rabanne-olympea-blossom
9911,Paco Rabanne Olympea Flora,paco-rabanne-olympea-flora
9912,Paco Rabanne Black XS Potion for Her,paco-rabanne-black-xs-potion-for-her
9913,Paco Rabanne Black XS Potion for Him,paco-rabanne-black-xs-potion-for-him
9915,Paco Rabanne Black XS Los Angeles,paco-rabanne-black-xs-los-angeles
9916,Paco Rabanne Phantom Legion,paco-rabanne-phantom-legion
9917,Paco Rabanne Phantom Parfum,paco-rabanne-phantom-parfum
9919,Paco Rabanne 1 Million Golden Oud,muzhskie-dukhi-paco-rabanne-1-million-golden-oud
9921,Paco Rabanne Olympea Onyx,paco-rabanne-olympea-onyx
9922,Paco Rabanne Invictus Onyx,paco-rabanne-invictus-onyx
9923,Paco Rabanne Lady Million Absolutely Gold,paco-rabanne-lady-million-absolutely-gold
9924,Paco Rabanne Lady Million Collector Edition,paco-rabanne-lady-million-collector-edition
9926,Paco Rabanne Ultraviolet Fluoressence,paco-rabanne-ultraviolet-fluoressence
9927,Paco Rabanne Fame Parfum,zhenskie-dukhi-paco-rabanne-fame-parfum
10766,Roja Dove Elysium Pour Homme Parfum Cologne,roja-dove-parfums-elysium-parfum-cologne
10771,Roja Dove Isola Blu,dukhi-roja-dove-isola-blu
10772,Roja Dove Elysium Pour Homme Eau Intense,muzhskie-dukhi-roja-dove-elysium-pour-homme-eau-intense
10774,Roja Dove Elysium Pour Femme,zhenskie-dukhi-roja-dove-elysium-pour-femme
10778,Roja Dove Manhattan Eau de Parfum,dukhi-roja-dove-manhattan-eau-de-parfum
10782,Roja Dove Sweetie Aoud,roja-dove-sweetie-aoud
10783,Roja Dove Enigma Pour Homme Parfum Cologne,muzhskie-dukhi-roja-dove-enigma-pour-homme-parfum-cologne
10784,Roja Dove A Midsummer Dream,roja-dove-a-midsummer-dream
10786,Roja Dove Reckless Pour Homme,roja-dove-reckless-pour-homme
10787,Roja Dove Scandal Pour Homme,roja-dove-scandal-pour-homme
10790,Roja Dove Danger Pour Homme,roja-dove-danger-pour-homme
10792,Roja Parfums Scandal Pour Femme Essence De Parfum,roja-parfums-scandal-pour-femme-essence-de-parfum
10794,Roja Dove Elysium Pour Homme,roja-dove-elysium-pour-homme
10795,Roja Dove Enigma Pour Homme,roja-dove-enigma-pour-homme
10796,Roja Dove Danger Pour Femme,roja-dove-danger-pour-femme
10798,Roja Dove Amber Aoud,roja-dove-amber-aoud
10803,Roja Dove Vetiver Pour Homme,roja-dove-vetiver-pour-homme
10804,Roja Dove Oceania,roja-dove-oceania
10807,Roja Dove Danger Pour Femme Essence De Parfum,roja-dove-danger-pour-femme-essence-de-parfum
10808,Roja Dove Amber Aoud Crystal,roja-dove-amber-aoud-crystal
10812,Roja Dove Burlington 1819,roja-dove-burlington-1819
10813,Roja Dove Enigma Pour Femme Essence De Parfum,zhenskie-dukhi-roja-dove-enigma-pour-femme-essence-de-parfum
10814,Roja Dove Scandal Pour Homme Parfum Cologne,muzhskie-dukhi-roja-dove-scandal-pour-homme-parfum-cologne
10828,Roja Dove Fortnum & Mason Taif Aoud,roja-dove-fortnum-mason-taif-aoud
11776,Tiziana Terenzi Kirke,tiziana-terenzi-kirke
11777,Tiziana Terenzi Cassiopea,tiziana-terenzi-cassiopea
11778,Tiziana Terenzi Andromeda,tiziana-terenzi-andromeda
11781,Tiziana Terenzi White Fire,tiziana-terenzi-white-fire
11783,Tiziana Terenzi Spirito Fiorentino,tiziana-terenzi-spirito-fiorentino
11784,Tiziana Terenzi Foconero,tiziana-terenzi-foconero
11785,Tiziana Terenzi Delox,tiziana-terenzi-delox
11786,Tiziana Terenzi Maremma,tiziana-terenzi-maremma
11788,Tiziana Terenzi Dionisio,tiziana-terenzi-dionisio
11790,Tiziana Terenzi Tabit,tiziana-terenzi-tabit
11792,Tiziana Terenzi Kirke Overdose,tiziana-terenzi-kirke-overdose
11793,Tiziana Terenzi XIX March,tiziana-terenzi-xix-march
11795,Tiziana Terenzi Porpora,tiziana-terenzi-porpora
11796,Tiziana Terenzi Draco,tiziana-terenzi-draco
11797,Tiziana Terenzi Arethusa,tiziana-terenzi-arethusa
11798,Tiziana Terenzi Gold Rose Oudh,tiziana-terenzi-gold-rose-oudh
11799,Tiziana Terenzi Cubia,tiziana-terenzi-cubia
11800,Tiziana Terenzi Ecstasy,tiziana-terenzi-ecstasy
11801,Tiziana Terenzi Leo,tiziana-terenzi-leo
11804,Tiziana Terenzi Al Contrario,tiziana-terenzi-al-contrario
11805,Tiziana Terenzi Sirrah,tiziana-terenzi-sirrah
11807,Tiziana Terenzi Ursa,tiziana-terenzi-ursa
11809,Tiziana Terenzi Mirach,tiziana-terenzi-mirach
11812,Tiziana Terenzi Chiron,tiziana-terenzi-chiron
11814,Tiziana Terenzi Atlantide,tiziana-terenzi-atlantide
11815,Tiziana Terenzi Borea,tiziana-terenzi-borea
11818,Tiziana Terenzi Lillipur,tiziana-terenzi-lillipur
11820,Tiziana Terenzi Orza,tiziana-terenzi-orza
11823,Tiziana Terenzi Vele,tiziana-terenzi-vele
11827,Tiziana Terenzi Caput Mundi,tiziana-terenzi-caput-mundi
11830,Tiziana Terenzi Arrakis,tiziana-terenzi-arrakis
11833,Tiziana Terenzi Halley,tiziana-terenzi-halley
11837,Tiziana Terenzi Poggia,tiziana-terenzi-poggia
11866,Tom Ford Tobacco Vanille,tom-ford-tobacco-vanille
11867,Tom Ford Lost Cherry,tom-ford-lost-cherry
11868,Tom Ford Black Orchid,tom-ford-black-orchid
11869,Tom Ford Tuscan Leather,tom-ford-tuscan-leather
11870,Tom Ford Oud Wood,tom-ford-oud-wood
11871,Tom Ford Ombre Leather,tom-ford-ombre-leather
11874,Tom Ford Fucking Fabulous,tom-ford-fucking-fabulous
11875,Tom Ford Noir Extreme,tom-ford-noir-extreme
11876,Tom Ford Santal Blush,tom-ford-santal-blush
11878,Tom Ford Grey Vetiver,tom-ford-grey-vetiver
11879,Tom Ford Mandarino di Amalfi,tom-ford-mandarino-di-amalfi
11881,Tom Ford Soleil Blanc,tom-ford-soleil-blanc
11882,Tom Ford Electric Cherry,tom-ford-electric-cherry
11883,Tom Ford Noir Pour Femme,tom-ford-noir-pour-femme
11884,Tom Ford Noir de Noir,tom-ford-noir-de-noir
11885,Tom Ford Vanille Fatale,tom-ford-vanille-fatale
11886,Tom Ford Rose Prick,tom-ford-rose-prick
11888,Tom Ford Neroli Portofino,tom-ford-neroli-portofino
11889,Tom Ford Noir for Men,tom-ford-noir-for-men
11892,Tom Ford Soleil Neige,tom-ford-soleil-neige
11894,Tom Ford Costa Azzurra,tom-ford-costa-azzurra
11897,Tom Ford Ombre Leather Parfum,tom-ford-ombre-leather-parfum
11900,Tom Ford Eau De Soleil Blanc,tom-ford-eau-de-soleil-blanc
11906,Tom Ford Black Orchid Parfum,tom-ford-black-orchid-parfum
11907,Tom Ford Eau de Jasmin Rouge,tom-ford-eau-de-jasmin-rouge
11911,Tom Ford Jasmin Rouge,tom-ford-jasmin-rouge
11913,Tom Ford Oud Wood Intense,tom-ford-oud-wood-intense
11917,Tom Ford Neroli Portofino Acqua,tom-ford-neroli-portofino-acqua
11918,Tom Ford Noir Anthracite,tom-ford-noir-anthracite
11920,Tom Ford Neroli Portofino Forte,tom-ford-neroli-portofino-forte
11921,Tom Ford Vanille Fatale 2024,dukhi-tom-ford-vanille-fatale-2024
11922,Tom Ford Beau de Jour Private Collection,tom-ford-beau-de-jour-private-collection
11927,Tom Ford Ombre Leather 16,tom-ford-ombre-leather-16
11930,Tom Ford Beau De Jour,tom-ford-beau-de-jour
11931,Tom Ford Costa Azzurra Acqua,tom-ford-costa-azzurra-acqua
11932,Tom Ford Noir Extreme Parfum,muzhskie-dukhi-tom-ford-noir-extreme-parfum
11934,Tom Ford Costa Azzurra Parfum,tom-ford-costa-azzurra-parfum
11937,Tom Ford Noir Eau de Toilette,tom-ford-noir-eau-de-toilette
11938,Tom Ford Black Orchid Eau de Toilette,tom-ford-black-orchid-eau-de-toilette
11939,Tom Ford Soleil de Feu,tom-ford-soleil-de-feu
11942,Tom Ford Tuscan Leather Intense,tom-ford-tuscan-leather-intense
11943,Tom Ford Rose D'Amalfi,tom-ford-rose-damalfi
11944,Tom Ford Mandarino Di Amalfi Acqua,tom-ford-mandarino-di-amalfi-acqua
11945,Tom Ford Grey Vetiver Parfum,muzhskie-dukhi-tom-ford-grey-vetiver-parfum
11960,Tom Ford Rose de Chine,tom-ford-rose-de-chine
11970,Tom Ford Soleil Neige Parfum,dukhi-tom-ford-soleil-neige-parfum
12021,Trussardi My Land,trussardi-my-land
12024,Trussardi Donna Eau De Toilette,trussardi-donna-eau-de-toilette
12025,Trussardi Blue Land,trussardi-blue-land
12029,Trussardi Aperitivo Milanese Porta Nuova,trussardi-aperitivo-milanese-porta-nuova
12031,Trussardi Passeggiata In Galleria Vittorio Emanuele II,trussardi-passeggiata-in-galleria-vittorio-emanuele-ii
12038,Trussardi Riflesso Blue Vibe,trussardi-riflesso-blue-vibe
12041,Trussardi Riflesso,trussardi-riflesso
12046,Trussardi Riflesso Streets of Milano,trussardi-riflesso-streets-of-milano
12056,Trussardi Jeans,trussardi-jeans
12058,Trussardi Jeans Men,trussardi-jeans-men
12065,Trussardi Python,trussardi-python
12073,Trussardi Python Woman,trussardi-python-woman
12210,Versace Man Eau Fraiche,versace-man-eau-fraiche
12211,Versace Bright Crystal,versace-bright-crystal
12212,Versace Versense,versace-versense
12213,Versace Pour Homme,versace-pour-homme
12214,Versace Bright Crystal Absolu,versace-bright-crystal-absolu
12215,Versace Crystal Noir,versace-crystal-noir
12216,Versace Eros man EDT,versace-eros-man
12217,Versace Yellow Diamond,versace-yellow-diamond
12218,Versace Eros Femme EDT,versace-eros-pour-femme-edt
12219,Versace Eros Femme EDP,versace-eros-pour-femme-edp
12220,Versace Dylan Blue Pour Homme,versace-pour-homme-dylan-blue
12221,Versace Dylan Purple Pour Femme,versace-pour-femme-dylan-purple
12222,Versace Eros Flame,versace-eros-flame
12223,Versace Dylan Blue Pour Femme,versace-dylan-blue-pour-femme
12225,Versace Crystal Noir Eau de Toilette,versace-crystal-noir-eau-de-toilette
12226,Versace Dylan Turquoise Pour Femme,versace-dylan-turquoise-pour-femme
12227,Versace Eros man EDP,versace-eros-eau-de-parfum
12229,Versace Blue Jeans,versace-blue-jeans
12231,Versace Eros man Parfum,versace-eros-parfum
12233,Versace Yellow Diamond Intense,versace-yellow-diamond-intense
12236,Versace Crystal Noir Parfum,zhenskie-duhi-versace-crystal-noir-parfum
12239,Versace Red Jeans,versace-red-jeans
12240,Versace Pour Homme Oud Noir,versace-pour-homme-oud-noir
12243,Versace Bright Crystal Parfum,zhenskie-dukhi-versace-bright-crystal-parfum
12246,Versace Man Eau Fraiche Extreme,versace-man-eau-fraiche-extreme
12247,Versace Eros Energy,versace-eros-energy
12248,Versace L'Homme,versace-lhomme
12334,Vilhelm Parfumerie Dear Polly,vilhelm-parfumerie-dear-polly
12335,Vilhelm Parfumerie Morning Chess,vilhelm-parfumerie-morning-chess
12336,Vilhelm Parfumerie Mango Skin,vilhelm-parfumerie-mango-skin
12337,Vilhelm Parfumerie Room Service,vilhelm-parfumerie-room-service
12338,Vilhelm Parfumerie Body Paint,vilhelm-parfumerie-body-paint
12339,Vilhelm Parfumerie Basilico & Fellini,vilhelm-parfumerie-basilico-fellini
12340,Vilhelm Parfumerie Poets Of Berlin,vilhelm-parfumerie-poets-of-berlin
12341,Vilhelm Parfumerie Smoke Show,vilhelm-parfumerie-smoke-show
12343,Vilhelm Parfumerie Opus Kore,vilhelm-parfumerie-opus-kore
12344,Vilhelm Parfumerie Black Citrus,vilhelm-parfumerie-black-citrus
12346,Vilhelm Parfumerie A Lilac a Day,vilhelm-parfumerie-a-lilac-a-day
12347,Vilhelm Parfumerie To My Father,vilhelm-parfumerie-to-my-father
12355,Vilhelm Parfumerie Chicago High,vilhelm-parfumerie-chicago-high
12360,Vilhelm Parfumerie The Oud Affair,vilhelm-parfumerie-the-oud-affair
12361,Vilhelm Parfumerie Faces of Francis,vilhelm-parfumerie-faces-of-francis
12417,Xerjoff Sospiro Erba Pura,xerjoff-sospiro-erba-pura
12418,Xerjoff Sospiro Accento,xerjoff-sospiro-accento
12419,Xerjoff Casamorati 1888 Gran Ballo,xerjoff-casamorati-1888-gran-ballo
12420,Xerjoff Casamorati 1888 Mefisto,xerjoff-casamorati-1888-mefisto
12426,Xerjoff Casamorati 1888 Dama Bianca,xerjoff-casamorati-1888-dama-bianca
12427,Xerjoff Casamorati Dolce Amalfi,xerjoff-casamorati-dolce-amalfi
12428,Xerjoff Alexandria II,xerjoff-alexandria-ii
12431,Xerjoff Shooting Stars Cruz Del Sur II,xerjoff-shooting-stars-cruz-del-sur-ii
12433,Xerjoff Casamorati 1888 Mefisto Gentiluomo,xerjoff-casamorati-1888-mefisto-gentiluomo
12437,Xerjoff JTC More Than Words,xerjoff-jtc-more-than-words
12438,Xerjoff Accento Overdose,xerjoff-accento-overdose
12439,Xerjoff Torino22,dukhi-xerjoff-torino22
12440,Xerjoff Ivory Route,xerjoff-ivory-route
12442,Xerjoff Uden,xerjoff-uden
12443,Xerjoff La Capitale,xerjoff-la-capitale
12446,Xerjoff 1861 Renaissance,xerjoff-1861-renaissance
12447,Xerjoff Apollonia,xerjoff-apollonia
12450,Xerjoff Xj 17/17 Symphonium,xerjoff-xj-1717-symphonium
12451,Xerjoff 40 Knots,xerjoff-40-knots
12453,Xerjoff Alexandria III,xerjoff-alexandria-iii
12454,Xerjoff Uden Overdose,xerjoff-uden-overdose
12458,Xerjoff Coffee Break Golden Dallah,xerjoff-coffee-break-golden-dallah
12460,Xerjoff Accento,xerjoff-accento
12479,Xerjoff Sospiro Ouverture,xerjoff-sospiro-ouverture
12495,Xerjoff Sospiro Purple Accento,xerjoff-sospiro-purple-accento
12498,Xerjoff Torino21,xerjoff-torino21
12505,Xerjoff Golden Moka,xerjoff-golden-moka
12506,Xerjoff Tony Iommi Monkey Special,dukhi-xerjoff-tony-iommi-monkey-special
12509,Xerjoff Starlight,dukhi-xerjoff-starlight
12535,Yves Saint Laurent Black Opium,yves-saint-laurent-black-opium
12537,Yves Saint Laurent Libre,yves-saint-laurent-libre
12538,Yves Saint Laurent Opium,yves-saint-laurent-opium
12539,Yves Saint Laurent Mon Paris,yves-saint-laurent-mon-paris
12540,Yves Saint Laurent Opium pour homme,yves-saint-laurent-opium-pour-homme
12544,Yves Saint Laurent Libre Intense,yves-saint-laurent-libre-intense
12545,Yves Saint Laurent Black Opium Floral Shock,yves-saint-laurent-black-opium-floral-shock
12548,Yves Saint Laurent Black Opium Nuit Blanche,yves-saint-laurent-black-opium-nuit-blanche
12552,Yves Saint Laurent Parisienne,yves-saint-laurent-parisienne
12555,Yves Saint Laurent Y Eau De Parfum,yves-saint-laurent-y-eau-de-parfum
12558,Yves Saint Laurent Libre Le Parfum,zhenskie-dukhi-yves-saint-laurent-libre-le-parfum
12559,Yves Saint Laurent Kouros,yves-saint-laurent-kouros
12560,Yves Saint Laurent Libre Flowers & Flames,zhenskie-dukhi-yves-saint-laurent-libre-flowers-flames
12562,Yves Saint Laurent Libre Eau de Toilette,yves-saint-laurent-libre-eau-de-toilette
12567,Yves Saint Laurent Mon Paris Eau de Toilette,yves-saint-laurent-mon-paris-eau-de-toilette
12574,Yves Saint Laurent Black Opium Neon,yves-saint-laurent-black-opium-neon
12576,Yves Saint Laurent Opium Vapeurs,yves-saint-laurent-opium-vapeurs
12580,Yves Saint Laurent Jazz,yves-saint-laurent-jazz
12581,Yves Saint Laurent Black Opium Extreme,yves-saint-laurent-black-opium-extreme
12582,Yves Saint Laurent Mon Paris Intensement,yves-saint-laurent-mon-paris-intensement
12585,Yves Saint Laurent Black Opium Illicit Green,yves-saint-laurent-black-opium-illicit-green
12586,Yves Saint Laurent Black Opium Over Red,zhenskie-dukhi-yves-saint-laurent-black-opium-over-red
12587,Yves Saint Laurent Mon Paris Parfum Floral,yves-saint-laurent-mon-paris-parfum-floral
12588,Yves Saint Laurent Black Opium Intense,yves-saint-laurent-black-opium-intense
12593,Yves Saint Laurent Parisienne A L`Extreme,yves-saint-laurent-parisienne-a-lextreme
12595,Yves Saint Laurent Parisienne Eau de Toilette,yves-saint-laurent-parisienne-eau-de-toilette
12601,Yves Saint Laurent Parisienne L`Essentiel,yves-saint-laurent-parisienne-lessentiel
12604,Yves Saint Laurent L'Homme Le Parfum,yves-saint-laurent-lhomme-le-parfum
12607,Yves Saint Laurent Mon Paris Couture,yves-saint-laurent-mon-paris-couture
12608,Yves Saint Laurent La Nuit de L'Homme Eau de Parfum,yves-saint-laurent-la-nuit-de-lhomme-eau-de-parfum
12609,Yves Saint Laurent L'Homme Eau de Parfum,yves-saint-laurent-lhomme-eau-de-parfum
12612,Yves Saint Laurent Libre L'Absolu Platine,yves-saint-laurent-libre-labsolu-platine
12616,Yves Saint Laurent Parisienne L'Eau,zhenskie-dukhi-yves-saint-laurent-parisienne-leau
12618,Yves Saint Laurent Black Opium Sound Illusion,zhenskie-dukhi-yves-saint-laurent-black-opium-sound-illusion
12619,Yves Saint Laurent Y Eau de Parfum Intense,muzhskie-dukhi-yves-saint-laurent-y-eau-de-parfum-intense
12620,Yves Saint Laurent Y Le Parfum,muzhskie-dukhi-yves-saint-laurent-y-le-parfum
12621,Yves Saint Laurent Black Opium Le Parfum,zhenskie-dukhi-yves-saint-laurent-black-opium-le-parfum
12631,Yves Saint Laurent Opium Legendes De Chine,yves-saint-laurent-opium-legendes-de-chine
12633,Yves Saint Laurent Black Opium Pure Illusion,yves-saint-laurent-black-opium-pure-illusion
12635,Yves Saint Laurent Kouros Silver,yves-saint-laurent-kouros-silver
12637,Yves Saint Laurent La Nuit de L'Homme Bleu Électrique,muzhskie-dukhi-yves-saint-laurent-la-nuit-de-lhomme-bleu-lectrique
12656,Zarkoperfume Pink MOLeCULE 090.09,zarkoperfume-pink-molecule-09009
12657,Zarkoperfume The Muse,zarkoperfume-the-muse
12660,Zarkoperfume MOLeCULE no.8,zarkoperfume-molecule-no8
12664,Zarkoperfume Cloud Collection No 3,zarkoperfume-cloud-collection-no-3
12665,Zarkoperfume Youth,zarkoperfume-youth
12669,Zarkoperfume Cloud Collection No 2,zarkoperfume-cloud-collection-no-2
12672,Zarkoperfume Oud Couture,zarkoperfume-oud-couture
12673,Zarkoperfume Cloud Collection,zarkoperfume-cloud-collection
12676,Zarkoperfume Cloud Collection No 4,zarkoperfume-cloud-collection-no-4

